ID,y
10834,HOROZ
10835,DERMASON
10836,BARBUNYA
10837,DERMASON
10838,BOMBAY
10839,DERMASON
10840,DERMASON
10841,SEKER
10842,DERMASON
10843,SIRA
10844,DERMASON
10845,SIRA
10846,CALI
10847,DERMASON
10848,CALI
10849,CALI
10850,HOROZ
10851,DERMASON
10852,HOROZ
10853,DERMASON
10854,SEKER
10855,CALI
10856,SEKER
10857,DERMASON
10858,SEKER
10859,CALI
10860,HOROZ
10861,SEKER
10862,DERMASON
10863,SIRA
10864,DERMASON
10865,BARBUNYA
10866,DERMASON
10867,CALI
10868,SEKER
10869,CALI
10870,DERMASON
10871,SIRA
10872,SEKER
10873,SIRA
10874,DERMASON
10875,HOROZ
10876,DERMASON
10877,SEKER
10878,HOROZ
10879,CALI
10880,HOROZ
10881,HOROZ
10882,SIRA
10883,SIRA
10884,DERMASON
10885,BOMBAY
10886,CALI
10887,DERMASON
10888,HOROZ
10889,HOROZ
10890,DERMASON
10891,SEKER
10892,SIRA
10893,SIRA
10894,SEKER
10895,SIRA
10896,HOROZ
10897,CALI
10898,DERMASON
10899,BARBUNYA
10900,DERMASON
10901,SIRA
10902,CALI
10903,HOROZ
10904,CALI
10905,HOROZ
10906,SEKER
10907,DERMASON
10908,SIRA
10909,CALI
10910,HOROZ
10911,DERMASON
10912,HOROZ
10913,DERMASON
10914,SIRA
10915,HOROZ
10916,DERMASON
10917,BARBUNYA
10918,CALI
10919,SEKER
10920,SIRA
10921,SIRA
10922,SIRA
10923,HOROZ
10924,SIRA
10925,SIRA
10926,SIRA
10927,DERMASON
10928,SIRA
10929,SIRA
10930,CALI
10931,BARBUNYA
10932,BARBUNYA
10933,SEKER
10934,BARBUNYA
10935,BARBUNYA
10936,BARBUNYA
10937,BOMBAY
10938,SIRA
10939,DERMASON
10940,DERMASON
10941,HOROZ
10942,HOROZ
10943,SEKER
10944,DERMASON
10945,BARBUNYA
10946,HOROZ
10947,HOROZ
10948,SIRA
10949,DERMASON
10950,SEKER
10951,DERMASON
10952,SEKER
10953,SIRA
10954,SEKER
10955,BARBUNYA
10956,CALI
10957,HOROZ
10958,HOROZ
10959,DERMASON
10960,CALI
10961,DERMASON
10962,DERMASON
10963,CALI
10964,SIRA
10965,CALI
10966,HOROZ
10967,SIRA
10968,SEKER
10969,HOROZ
10970,CALI
10971,SEKER
10972,BARBUNYA
10973,BARBUNYA
10974,SIRA
10975,SIRA
10976,BARBUNYA
10977,DERMASON
10978,DERMASON
10979,DERMASON
10980,HOROZ
10981,SIRA
10982,DERMASON
10983,DERMASON
10984,BARBUNYA
10985,HOROZ
10986,SIRA
10987,DERMASON
10988,DERMASON
10989,BARBUNYA
10990,BOMBAY
10991,SEKER
10992,BOMBAY
10993,SEKER
10994,SIRA
10995,DERMASON
10996,HOROZ
10997,DERMASON
10998,CALI
10999,BARBUNYA
11000,SEKER
11001,CALI
11002,CALI
11003,CALI
11004,CALI
11005,CALI
11006,HOROZ
11007,SIRA
11008,DERMASON
11009,SEKER
11010,DERMASON
11011,BARBUNYA
11012,SEKER
11013,SIRA
11014,DERMASON
11015,BARBUNYA
11016,DERMASON
11017,HOROZ
11018,DERMASON
11019,SEKER
11020,DERMASON
11021,BOMBAY
11022,SEKER
11023,CALI
11024,DERMASON
11025,SEKER
11026,SEKER
11027,HOROZ
11028,SEKER
11029,DERMASON
11030,DERMASON
11031,BARBUNYA
11032,DERMASON
11033,HOROZ
11034,DERMASON
11035,DERMASON
11036,BARBUNYA
11037,BARBUNYA
11038,SIRA
11039,DERMASON
11040,SEKER
11041,BARBUNYA
11042,SEKER
11043,HOROZ
11044,DERMASON
11045,DERMASON
11046,BARBUNYA
11047,DERMASON
11048,DERMASON
11049,SIRA
11050,SIRA
11051,DERMASON
11052,BARBUNYA
11053,HOROZ
11054,HOROZ
11055,DERMASON
11056,SEKER
11057,DERMASON
11058,CALI
11059,DERMASON
11060,CALI
11061,SEKER
11062,DERMASON
11063,DERMASON
11064,DERMASON
11065,SIRA
11066,CALI
11067,BARBUNYA
11068,BARBUNYA
11069,DERMASON
11070,SIRA
11071,SEKER
11072,SIRA
11073,SIRA
11074,HOROZ
11075,SEKER
11076,DERMASON
11077,DERMASON
11078,SIRA
11079,DERMASON
11080,BOMBAY
11081,SIRA
11082,HOROZ
11083,DERMASON
11084,SIRA
11085,BOMBAY
11086,DERMASON
11087,SIRA
11088,DERMASON
11089,HOROZ
11090,CALI
11091,BARBUNYA
11092,CALI
11093,SIRA
11094,SIRA
11095,HOROZ
11096,DERMASON
11097,SIRA
11098,DERMASON
11099,CALI
11100,DERMASON
11101,SIRA
11102,BARBUNYA
11103,DERMASON
11104,SIRA
11105,BARBUNYA
11106,CALI
11107,HOROZ
11108,DERMASON
11109,DERMASON
11110,SIRA
11111,SIRA
11112,SEKER
11113,SIRA
11114,SIRA
11115,CALI
11116,DERMASON
11117,DERMASON
11118,DERMASON
11119,CALI
11120,SEKER
11121,DERMASON
11122,SIRA
11123,SIRA
11124,DERMASON
11125,SIRA
11126,HOROZ
11127,DERMASON
11128,SIRA
11129,DERMASON
11130,SEKER
11131,SEKER
11132,DERMASON
11133,DERMASON
11134,DERMASON
11135,SEKER
11136,BOMBAY
11137,HOROZ
11138,DERMASON
11139,SEKER
11140,BARBUNYA
11141,BARBUNYA
11142,CALI
11143,SIRA
11144,DERMASON
11145,SIRA
11146,BARBUNYA
11147,DERMASON
11148,SIRA
11149,SIRA
11150,SEKER
11151,DERMASON
11152,HOROZ
11153,DERMASON
11154,SIRA
11155,SIRA
11156,DERMASON
11157,DERMASON
11158,DERMASON
11159,HOROZ
11160,DERMASON
11161,SIRA
11162,DERMASON
11163,SIRA
11164,BARBUNYA
11165,DERMASON
11166,DERMASON
11167,CALI
11168,SIRA
11169,DERMASON
11170,SIRA
11171,DERMASON
11172,SEKER
11173,DERMASON
11174,BOMBAY
11175,DERMASON
11176,BARBUNYA
11177,DERMASON
11178,SEKER
11179,DERMASON
11180,DERMASON
11181,HOROZ
11182,DERMASON
11183,SEKER
11184,SIRA
11185,SIRA
11186,DERMASON
11187,SIRA
11188,SIRA
11189,DERMASON
11190,SIRA
11191,BOMBAY
11192,HOROZ
11193,SIRA
11194,HOROZ
11195,SEKER
11196,HOROZ
11197,BOMBAY
11198,DERMASON
11199,SIRA
11200,DERMASON
11201,SIRA
11202,BARBUNYA
11203,HOROZ
11204,HOROZ
11205,CALI
11206,CALI
11207,HOROZ
11208,DERMASON
11209,CALI
11210,SIRA
11211,SEKER
11212,DERMASON
11213,SEKER
11214,DERMASON
11215,BARBUNYA
11216,HOROZ
11217,BARBUNYA
11218,SEKER
11219,CALI
11220,DERMASON
11221,DERMASON
11222,BOMBAY
11223,SIRA
11224,HOROZ
11225,SEKER
11226,HOROZ
11227,SEKER
11228,SEKER
11229,SEKER
11230,DERMASON
11231,BARBUNYA
11232,BARBUNYA
11233,SEKER
11234,SEKER
11235,CALI
11236,BARBUNYA
11237,DERMASON
11238,DERMASON
11239,HOROZ
11240,BARBUNYA
11241,SIRA
11242,SIRA
11243,DERMASON
11244,DERMASON
11245,DERMASON
11246,HOROZ
11247,CALI
11248,DERMASON
11249,BARBUNYA
11250,SIRA
11251,DERMASON
11252,BOMBAY
11253,HOROZ
11254,DERMASON
11255,SEKER
11256,DERMASON
11257,BOMBAY
11258,CALI
11259,HOROZ
11260,SEKER
11261,DERMASON
11262,DERMASON
11263,SEKER
11264,SIRA
11265,SEKER
11266,SEKER
11267,BARBUNYA
11268,SIRA
11269,CALI
11270,DERMASON
11271,DERMASON
11272,DERMASON
11273,SIRA
11274,DERMASON
11275,BARBUNYA
11276,DERMASON
11277,DERMASON
11278,SEKER
11279,CALI
11280,DERMASON
11281,DERMASON
11282,BOMBAY
11283,DERMASON
11284,HOROZ
11285,SIRA
11286,SEKER
11287,HOROZ
11288,HOROZ
11289,BOMBAY
11290,SEKER
11291,BARBUNYA
11292,DERMASON
11293,HOROZ
11294,BARBUNYA
11295,SEKER
11296,SIRA
11297,DERMASON
11298,DERMASON
11299,DERMASON
11300,SIRA
11301,BOMBAY
11302,DERMASON
11303,CALI
11304,HOROZ
11305,SIRA
11306,SIRA
11307,BARBUNYA
11308,SIRA
11309,SEKER
11310,HOROZ
11311,DERMASON
11312,HOROZ
11313,SIRA
11314,DERMASON
11315,DERMASON
11316,CALI
11317,CALI
11318,BOMBAY
11319,SIRA
11320,DERMASON
11321,SEKER
11322,HOROZ
11323,SEKER
11324,DERMASON
11325,DERMASON
11326,DERMASON
11327,SIRA
11328,DERMASON
11329,HOROZ
11330,SIRA
11331,CALI
11332,SEKER
11333,BARBUNYA
11334,DERMASON
11335,DERMASON
11336,SEKER
11337,SIRA
11338,DERMASON
11339,CALI
11340,CALI
11341,SIRA
11342,SIRA
11343,HOROZ
11344,SIRA
11345,CALI
11346,HOROZ
11347,CALI
11348,DERMASON
11349,SEKER
11350,DERMASON
11351,HOROZ
11352,BARBUNYA
11353,CALI
11354,CALI
11355,SEKER
11356,SEKER
11357,DERMASON
11358,SIRA
11359,CALI
11360,CALI
11361,DERMASON
11362,SIRA
11363,HOROZ
11364,HOROZ
11365,HOROZ
11366,DERMASON
11367,SIRA
11368,DERMASON
11369,DERMASON
11370,DERMASON
11371,CALI
11372,CALI
11373,CALI
11374,SIRA
11375,SIRA
11376,SIRA
11377,HOROZ
11378,CALI
11379,BARBUNYA
11380,HOROZ
11381,SIRA
11382,BARBUNYA
11383,CALI
11384,BARBUNYA
11385,DERMASON
11386,DERMASON
11387,BOMBAY
11388,DERMASON
11389,DERMASON
11390,SIRA
11391,BOMBAY
11392,SEKER
11393,DERMASON
11394,SIRA
11395,SEKER
11396,BOMBAY
11397,SIRA
11398,SEKER
11399,SEKER
11400,SIRA
11401,SEKER
11402,BARBUNYA
11403,SIRA
11404,SEKER
11405,DERMASON
11406,DERMASON
11407,BARBUNYA
11408,DERMASON
11409,BARBUNYA
11410,SIRA
11411,BARBUNYA
11412,DERMASON
11413,HOROZ
11414,SEKER
11415,DERMASON
11416,HOROZ
11417,SIRA
11418,SIRA
11419,HOROZ
11420,CALI
11421,BOMBAY
11422,SEKER
11423,BOMBAY
11424,HOROZ
11425,HOROZ
11426,HOROZ
11427,DERMASON
11428,BARBUNYA
11429,SIRA
11430,SIRA
11431,DERMASON
11432,DERMASON
11433,DERMASON
11434,CALI
11435,HOROZ
11436,DERMASON
11437,DERMASON
11438,BARBUNYA
11439,DERMASON
11440,DERMASON
11441,HOROZ
11442,SIRA
11443,CALI
11444,SIRA
11445,SEKER
11446,SEKER
11447,SIRA
11448,BOMBAY
11449,BARBUNYA
11450,BOMBAY
11451,SEKER
11452,SIRA
11453,DERMASON
11454,CALI
11455,BOMBAY
11456,HOROZ
11457,SIRA
11458,SEKER
11459,SIRA
11460,SEKER
11461,DERMASON
11462,SIRA
11463,SEKER
11464,DERMASON
11465,SIRA
11466,SIRA
11467,DERMASON
11468,DERMASON
11469,DERMASON
11470,SIRA
11471,DERMASON
11472,DERMASON
11473,SIRA
11474,DERMASON
11475,DERMASON
11476,DERMASON
11477,DERMASON
11478,SEKER
11479,CALI
11480,HOROZ
11481,BOMBAY
11482,DERMASON
11483,BARBUNYA
11484,SIRA
11485,DERMASON
11486,CALI
11487,CALI
11488,SEKER
11489,SEKER
11490,SEKER
11491,SIRA
11492,SEKER
11493,SIRA
11494,DERMASON
11495,BOMBAY
11496,SEKER
11497,HOROZ
11498,DERMASON
11499,BARBUNYA
11500,SEKER
11501,SIRA
11502,DERMASON
11503,DERMASON
11504,BARBUNYA
11505,DERMASON
11506,CALI
11507,BOMBAY
11508,DERMASON
11509,HOROZ
11510,BARBUNYA
11511,SEKER
11512,SEKER
11513,BARBUNYA
11514,DERMASON
11515,SEKER
11516,HOROZ
11517,HOROZ
11518,BARBUNYA
11519,SEKER
11520,HOROZ
11521,DERMASON
11522,HOROZ
11523,DERMASON
11524,BOMBAY
11525,DERMASON
11526,BARBUNYA
11527,HOROZ
11528,SEKER
11529,DERMASON
11530,SIRA
11531,CALI
11532,HOROZ
11533,BARBUNYA
11534,CALI
11535,SEKER
11536,HOROZ
11537,SEKER
11538,SEKER
11539,BOMBAY
11540,SIRA
11541,BARBUNYA
11542,SEKER
11543,SEKER
11544,CALI
11545,SIRA
11546,DERMASON
11547,BARBUNYA
11548,DERMASON
11549,SIRA
11550,DERMASON
11551,SIRA
11552,CALI
11553,BARBUNYA
11554,SEKER
11555,BOMBAY
11556,DERMASON
11557,SIRA
11558,HOROZ
11559,SIRA
11560,DERMASON
11561,DERMASON
11562,SIRA
11563,CALI
11564,BARBUNYA
11565,DERMASON
11566,SIRA
11567,DERMASON
11568,HOROZ
11569,SIRA
11570,CALI
11571,SEKER
11572,SIRA
11573,CALI
11574,DERMASON
11575,SEKER
11576,DERMASON
11577,HOROZ
11578,SIRA
11579,HOROZ
11580,BOMBAY
11581,DERMASON
11582,DERMASON
11583,DERMASON
11584,DERMASON
11585,CALI
11586,SEKER
11587,SEKER
11588,DERMASON
11589,HOROZ
11590,DERMASON
11591,SEKER
11592,SEKER
11593,DERMASON
11594,HOROZ
11595,BARBUNYA
11596,SIRA
11597,DERMASON
11598,DERMASON
11599,HOROZ
11600,DERMASON
11601,CALI
11602,CALI
11603,HOROZ
11604,SEKER
11605,SIRA
11606,DERMASON
11607,DERMASON
11608,BARBUNYA
11609,DERMASON
11610,CALI
11611,HOROZ
11612,BOMBAY
11613,BOMBAY
11614,DERMASON
11615,CALI
11616,CALI
11617,BARBUNYA
11618,DERMASON
11619,SEKER
11620,DERMASON
11621,CALI
11622,DERMASON
11623,SIRA
11624,DERMASON
11625,CALI
11626,CALI
11627,HOROZ
11628,HOROZ
11629,SIRA
11630,DERMASON
11631,SIRA
11632,HOROZ
11633,SEKER
11634,DERMASON
11635,SEKER
11636,HOROZ
11637,SIRA
11638,DERMASON
11639,DERMASON
11640,SIRA
11641,SIRA
11642,DERMASON
11643,CALI
11644,HOROZ
11645,BARBUNYA
11646,DERMASON
11647,DERMASON
11648,SIRA
11649,SIRA
11650,SEKER
11651,HOROZ
11652,SEKER
11653,DERMASON
11654,HOROZ
11655,SEKER
11656,HOROZ
11657,DERMASON
11658,SEKER
11659,SIRA
11660,SEKER
11661,HOROZ
11662,DERMASON
11663,BARBUNYA
11664,DERMASON
11665,SIRA
11666,HOROZ
11667,SIRA
11668,DERMASON
11669,SEKER
11670,SIRA
11671,HOROZ
11672,SIRA
11673,SEKER
11674,CALI
11675,BOMBAY
11676,DERMASON
11677,DERMASON
11678,BARBUNYA
11679,CALI
11680,SEKER
11681,SIRA
11682,BARBUNYA
11683,HOROZ
11684,DERMASON
11685,SIRA
11686,SIRA
11687,SIRA
11688,DERMASON
11689,SIRA
11690,DERMASON
11691,HOROZ
11692,DERMASON
11693,HOROZ
11694,BARBUNYA
11695,DERMASON
11696,SIRA
11697,CALI
11698,DERMASON
11699,DERMASON
11700,DERMASON
11701,HOROZ
11702,SIRA
11703,BOMBAY
11704,DERMASON
11705,HOROZ
11706,SIRA
11707,SEKER
11708,CALI
11709,BARBUNYA
11710,DERMASON
11711,DERMASON
11712,HOROZ
11713,HOROZ
11714,DERMASON
11715,BARBUNYA
11716,HOROZ
11717,SEKER
11718,BARBUNYA
11719,DERMASON
11720,BARBUNYA
11721,DERMASON
11722,DERMASON
11723,DERMASON
11724,SIRA
11725,CALI
11726,HOROZ
11727,SIRA
11728,CALI
11729,SIRA
11730,HOROZ
11731,SIRA
11732,SIRA
11733,SIRA
11734,SEKER
11735,DERMASON
11736,SIRA
11737,SIRA
11738,HOROZ
11739,CALI
11740,SIRA
11741,SIRA
11742,BOMBAY
11743,DERMASON
11744,HOROZ
11745,SEKER
11746,CALI
11747,DERMASON
11748,BARBUNYA
11749,SEKER
11750,SEKER
11751,HOROZ
11752,SIRA
11753,BARBUNYA
11754,HOROZ
11755,DERMASON
11756,BOMBAY
11757,SEKER
11758,SIRA
11759,DERMASON
11760,DERMASON
11761,HOROZ
11762,HOROZ
11763,SIRA
11764,DERMASON
11765,CALI
11766,BARBUNYA
11767,HOROZ
11768,SEKER
11769,DERMASON
11770,SEKER
11771,DERMASON
11772,CALI
11773,CALI
11774,HOROZ
11775,CALI
11776,DERMASON
11777,DERMASON
11778,BOMBAY
11779,HOROZ
11780,SIRA
11781,SIRA
11782,CALI
11783,DERMASON
11784,CALI
11785,DERMASON
11786,CALI
11787,DERMASON
11788,HOROZ
11789,HOROZ
11790,DERMASON
11791,CALI
11792,DERMASON
11793,DERMASON
11794,BARBUNYA
11795,DERMASON
11796,SIRA
11797,SIRA
11798,BARBUNYA
11799,DERMASON
11800,SIRA
11801,SIRA
11802,DERMASON
11803,SEKER
11804,DERMASON
11805,SIRA
11806,CALI
11807,DERMASON
11808,CALI
11809,CALI
11810,HOROZ
11811,SIRA
11812,SIRA
11813,DERMASON
11814,HOROZ
11815,DERMASON
11816,DERMASON
11817,SIRA
11818,SIRA
11819,SEKER
11820,BARBUNYA
11821,DERMASON
11822,DERMASON
11823,SIRA
11824,CALI
11825,SEKER
11826,SIRA
11827,CALI
11828,SEKER
11829,HOROZ
11830,DERMASON
11831,CALI
11832,SIRA
11833,SIRA
11834,SEKER
11835,BARBUNYA
11836,SEKER
11837,SEKER
11838,HOROZ
11839,SIRA
11840,DERMASON
11841,SIRA
11842,DERMASON
11843,BOMBAY
11844,SEKER
11845,DERMASON
11846,DERMASON
11847,DERMASON
11848,SEKER
11849,BARBUNYA
11850,SEKER
11851,CALI
11852,HOROZ
11853,BARBUNYA
11854,DERMASON
11855,SIRA
11856,DERMASON
11857,SEKER
11858,HOROZ
11859,HOROZ
11860,CALI
11861,DERMASON
11862,SEKER
11863,DERMASON
11864,DERMASON
11865,SIRA
11866,SEKER
11867,BARBUNYA
11868,HOROZ
11869,SIRA
11870,SEKER
11871,BARBUNYA
11872,DERMASON
11873,DERMASON
11874,CALI
11875,HOROZ
11876,CALI
11877,SEKER
11878,DERMASON
11879,BARBUNYA
11880,SEKER
11881,CALI
11882,BARBUNYA
11883,SEKER
11884,SEKER
11885,BARBUNYA
11886,BARBUNYA
11887,BOMBAY
11888,DERMASON
11889,SIRA
11890,SEKER
11891,SEKER
11892,CALI
11893,SIRA
11894,BARBUNYA
11895,SIRA
11896,BARBUNYA
11897,DERMASON
11898,SIRA
11899,BOMBAY
11900,BARBUNYA
11901,CALI
11902,DERMASON
11903,DERMASON
11904,SIRA
11905,SIRA
11906,SIRA
11907,SEKER
11908,DERMASON
11909,BARBUNYA
11910,DERMASON
11911,SEKER
11912,DERMASON
11913,SEKER
11914,DERMASON
11915,SIRA
11916,SIRA
11917,DERMASON
11918,HOROZ
11919,DERMASON
11920,SIRA
11921,CALI
11922,HOROZ
11923,DERMASON
11924,BARBUNYA
11925,SEKER
11926,DERMASON
11927,SIRA
11928,DERMASON
11929,CALI
11930,CALI
11931,DERMASON
11932,DERMASON
11933,DERMASON
11934,BARBUNYA
11935,DERMASON
11936,SIRA
11937,HOROZ
11938,CALI
11939,SIRA
11940,SIRA
11941,SEKER
11942,BARBUNYA
11943,CALI
11944,BARBUNYA
11945,HOROZ
11946,SIRA
11947,SEKER
11948,SIRA
11949,HOROZ
11950,SIRA
11951,SIRA
11952,SIRA
11953,DERMASON
11954,SEKER
11955,CALI
11956,HOROZ
11957,DERMASON
11958,BOMBAY
11959,BARBUNYA
11960,SIRA
11961,SIRA
11962,CALI
11963,HOROZ
11964,DERMASON
11965,CALI
11966,SIRA
11967,DERMASON
11968,SEKER
11969,DERMASON
11970,SIRA
11971,DERMASON
11972,CALI
11973,SEKER
11974,SIRA
11975,DERMASON
11976,BOMBAY
11977,DERMASON
11978,DERMASON
11979,BOMBAY
11980,HOROZ
11981,SIRA
11982,BARBUNYA
11983,SEKER
11984,SEKER
11985,SIRA
11986,SIRA
11987,DERMASON
11988,SIRA
11989,CALI
11990,SIRA
11991,SIRA
11992,HOROZ
11993,HOROZ
11994,DERMASON
11995,DERMASON
11996,CALI
11997,DERMASON
11998,SIRA
11999,HOROZ
12000,DERMASON
12001,SIRA
12002,SIRA
12003,SIRA
12004,SEKER
12005,SIRA
12006,CALI
12007,HOROZ
12008,SEKER
12009,HOROZ
12010,DERMASON
12011,CALI
12012,SEKER
12013,CALI
12014,CALI
12015,HOROZ
12016,DERMASON
12017,BARBUNYA
12018,BARBUNYA
12019,SEKER
12020,SEKER
12021,SIRA
12022,DERMASON
12023,DERMASON
12024,HOROZ
12025,HOROZ
12026,SIRA
12027,SEKER
12028,SEKER
12029,CALI
12030,HOROZ
12031,SIRA
12032,CALI
12033,BOMBAY
12034,DERMASON
12035,DERMASON
12036,SIRA
12037,DERMASON
12038,DERMASON
12039,DERMASON
12040,DERMASON
12041,DERMASON
12042,BARBUNYA
12043,BARBUNYA
12044,CALI
12045,CALI
12046,CALI
12047,SIRA
12048,CALI
12049,DERMASON
12050,DERMASON
12051,BARBUNYA
12052,DERMASON
12053,DERMASON
12054,SIRA
12055,DERMASON
12056,BARBUNYA
12057,BOMBAY
12058,HOROZ
12059,SIRA
12060,SEKER
12061,DERMASON
12062,DERMASON
12063,HOROZ
12064,DERMASON
12065,CALI
12066,DERMASON
12067,SIRA
12068,DERMASON
12069,SEKER
12070,SEKER
12071,HOROZ
12072,DERMASON
12073,BARBUNYA
12074,CALI
12075,SEKER
12076,DERMASON
12077,BARBUNYA
12078,DERMASON
12079,DERMASON
12080,BOMBAY
12081,BOMBAY
12082,BARBUNYA
12083,CALI
12084,HOROZ
12085,CALI
12086,SEKER
12087,BARBUNYA
12088,SIRA
12089,DERMASON
12090,SEKER
12091,SEKER
12092,HOROZ
12093,SEKER
12094,SIRA
12095,SIRA
12096,SIRA
12097,SIRA
12098,SEKER
12099,SIRA
12100,DERMASON
12101,SEKER
12102,SEKER
12103,BARBUNYA
12104,HOROZ
12105,HOROZ
12106,BARBUNYA
12107,HOROZ
12108,SIRA
12109,DERMASON
12110,DERMASON
12111,HOROZ
12112,SIRA
12113,HOROZ
12114,SEKER
12115,BOMBAY
12116,DERMASON
12117,HOROZ
12118,HOROZ
12119,CALI
12120,DERMASON
12121,SEKER
12122,SIRA
12123,SIRA
12124,BARBUNYA
12125,SIRA
12126,CALI
12127,HOROZ
12128,SIRA
12129,SIRA
12130,DERMASON
12131,HOROZ
12132,DERMASON
12133,DERMASON
12134,SIRA
12135,CALI
12136,CALI
12137,CALI
12138,SEKER
12139,CALI
12140,BARBUNYA
12141,DERMASON
12142,DERMASON
12143,DERMASON
12144,BARBUNYA
12145,DERMASON
12146,SIRA
12147,DERMASON
12148,SEKER
12149,SIRA
12150,DERMASON
12151,SIRA
12152,DERMASON
12153,SIRA
12154,CALI
12155,DERMASON
12156,HOROZ
12157,SIRA
12158,SEKER
12159,DERMASON
12160,SEKER
12161,SIRA
12162,DERMASON
12163,CALI
12164,SEKER
12165,SEKER
12166,CALI
12167,BOMBAY
12168,SEKER
12169,DERMASON
12170,SEKER
12171,HOROZ
12172,CALI
12173,HOROZ
12174,CALI
12175,BARBUNYA
12176,DERMASON
12177,CALI
12178,HOROZ
12179,DERMASON
12180,HOROZ
12181,SEKER
12182,BARBUNYA
12183,SIRA
12184,DERMASON
12185,CALI
12186,DERMASON
12187,DERMASON
12188,DERMASON
12189,SEKER
12190,SEKER
12191,BARBUNYA
12192,HOROZ
12193,HOROZ
12194,DERMASON
12195,DERMASON
12196,DERMASON
12197,SIRA
12198,BARBUNYA
12199,SIRA
12200,HOROZ
12201,SIRA
12202,SIRA
12203,HOROZ
12204,SIRA
12205,BARBUNYA
12206,BARBUNYA
12207,BOMBAY
12208,DERMASON
12209,DERMASON
12210,BARBUNYA
12211,SIRA
12212,DERMASON
12213,DERMASON
12214,CALI
12215,SIRA
12216,SEKER
12217,BARBUNYA
12218,SIRA
12219,SEKER
12220,DERMASON
12221,DERMASON
12222,CALI
12223,SIRA
12224,SIRA
12225,SIRA
12226,CALI
12227,SIRA
12228,DERMASON
12229,BARBUNYA
12230,DERMASON
12231,BOMBAY
12232,DERMASON
12233,DERMASON
12234,CALI
12235,HOROZ
12236,SIRA
12237,BARBUNYA
12238,SEKER
12239,SIRA
12240,HOROZ
12241,DERMASON
12242,SIRA
12243,HOROZ
12244,DERMASON
12245,DERMASON
12246,SEKER
12247,BOMBAY
12248,BOMBAY
12249,SIRA
12250,DERMASON
12251,SIRA
12252,DERMASON
12253,HOROZ
12254,DERMASON
12255,DERMASON
12256,DERMASON
12257,BOMBAY
12258,SIRA
12259,BOMBAY
12260,DERMASON
12261,BOMBAY
12262,SIRA
12263,SEKER
12264,DERMASON
12265,HOROZ
12266,DERMASON
12267,HOROZ
12268,BARBUNYA
12269,CALI
12270,CALI
12271,SIRA
12272,CALI
12273,SIRA
12274,HOROZ
12275,DERMASON
12276,SIRA
12277,DERMASON
12278,SEKER
12279,HOROZ
12280,SEKER
12281,DERMASON
12282,SEKER
12283,HOROZ
12284,HOROZ
12285,DERMASON
12286,DERMASON
12287,HOROZ
12288,SIRA
12289,CALI
12290,SEKER
12291,DERMASON
12292,DERMASON
12293,BARBUNYA
12294,SIRA
12295,BARBUNYA
12296,DERMASON
12297,SEKER
12298,SEKER
12299,DERMASON
12300,DERMASON
12301,BARBUNYA
12302,BARBUNYA
12303,HOROZ
12304,DERMASON
12305,SIRA
12306,SIRA
12307,DERMASON
12308,HOROZ
12309,DERMASON
12310,BOMBAY
12311,BARBUNYA
12312,SEKER
12313,HOROZ
12314,HOROZ
12315,DERMASON
12316,SEKER
12317,SIRA
12318,HOROZ
12319,BARBUNYA
12320,DERMASON
12321,BARBUNYA
12322,HOROZ
12323,SIRA
12324,SEKER
12325,HOROZ
12326,SIRA
12327,SIRA
12328,DERMASON
12329,BARBUNYA
12330,HOROZ
12331,CALI
12332,SEKER
12333,SEKER
12334,DERMASON
12335,SIRA
12336,SEKER
12337,SEKER
12338,SIRA
12339,DERMASON
12340,HOROZ
12341,DERMASON
12342,HOROZ
12343,DERMASON
12344,SEKER
12345,BARBUNYA
12346,SEKER
12347,SIRA
12348,CALI
12349,SIRA
12350,SIRA
12351,CALI
12352,BARBUNYA
12353,BARBUNYA
12354,SEKER
12355,SEKER
12356,DERMASON
12357,DERMASON
12358,HOROZ
12359,SEKER
12360,CALI
12361,SIRA
12362,HOROZ
12363,DERMASON
12364,DERMASON
12365,CALI
12366,BARBUNYA
12367,SIRA
12368,SEKER
12369,HOROZ
12370,HOROZ
12371,HOROZ
12372,BARBUNYA
12373,SEKER
12374,HOROZ
12375,HOROZ
12376,BARBUNYA
12377,SEKER
12378,DERMASON
12379,SIRA
12380,BARBUNYA
12381,CALI
12382,DERMASON
12383,DERMASON
12384,HOROZ
12385,SIRA
12386,HOROZ
12387,DERMASON
12388,DERMASON
12389,SIRA
12390,HOROZ
12391,HOROZ
12392,DERMASON
12393,SEKER
12394,DERMASON
12395,SEKER
12396,CALI
12397,HOROZ
12398,HOROZ
12399,CALI
12400,BARBUNYA
12401,SIRA
12402,HOROZ
12403,DERMASON
12404,DERMASON
12405,SIRA
12406,DERMASON
12407,SEKER
12408,DERMASON
12409,CALI
12410,BARBUNYA
12411,BARBUNYA
12412,HOROZ
12413,HOROZ
12414,SIRA
12415,SEKER
12416,SEKER
12417,DERMASON
12418,DERMASON
12419,DERMASON
12420,SEKER
12421,SIRA
12422,HOROZ
12423,HOROZ
12424,CALI
12425,DERMASON
12426,DERMASON
12427,SIRA
12428,SIRA
12429,HOROZ
12430,SEKER
12431,SEKER
12432,BOMBAY
12433,HOROZ
12434,DERMASON
12435,SIRA
12436,SIRA
12437,DERMASON
12438,SEKER
12439,CALI
12440,HOROZ
12441,HOROZ
12442,BARBUNYA
12443,BARBUNYA
12444,HOROZ
12445,HOROZ
12446,SEKER
12447,SIRA
12448,BOMBAY
12449,DERMASON
12450,SEKER
12451,DERMASON
12452,DERMASON
12453,CALI
12454,SIRA
12455,DERMASON
12456,CALI
12457,DERMASON
12458,DERMASON
12459,CALI
12460,DERMASON
12461,DERMASON
12462,SIRA
12463,SIRA
12464,DERMASON
12465,HOROZ
12466,SEKER
12467,SEKER
12468,DERMASON
12469,SIRA
12470,HOROZ
12471,SIRA
12472,DERMASON
12473,SIRA
12474,CALI
12475,HOROZ
12476,DERMASON
12477,SIRA
12478,HOROZ
12479,DERMASON
12480,SEKER
12481,DERMASON
12482,HOROZ
12483,DERMASON
12484,CALI
12485,HOROZ
12486,HOROZ
12487,SEKER
12488,SEKER
12489,BARBUNYA
12490,HOROZ
12491,SIRA
12492,SIRA
12493,CALI
12494,CALI
12495,DERMASON
12496,SEKER
12497,SIRA
12498,BARBUNYA
12499,DERMASON
12500,DERMASON
12501,HOROZ
12502,CALI
12503,HOROZ
12504,CALI
12505,SIRA
12506,BOMBAY
12507,CALI
12508,SEKER
12509,BARBUNYA
12510,HOROZ
12511,DERMASON
12512,SEKER
12513,SIRA
12514,DERMASON
12515,CALI
12516,SEKER
12517,HOROZ
12518,SEKER
12519,SEKER
12520,HOROZ
12521,DERMASON
12522,HOROZ
12523,DERMASON
12524,SEKER
12525,SEKER
12526,SEKER
12527,SEKER
12528,CALI
12529,DERMASON
12530,SEKER
12531,BARBUNYA
12532,SEKER
12533,SEKER
12534,DERMASON
12535,CALI
12536,HOROZ
12537,DERMASON
12538,DERMASON
12539,DERMASON
12540,SEKER
12541,BARBUNYA
12542,CALI
12543,DERMASON
12544,BOMBAY
12545,CALI
12546,CALI
12547,HOROZ
12548,SIRA
12549,DERMASON
12550,CALI
12551,BARBUNYA
12552,DERMASON
12553,SEKER
12554,BARBUNYA
12555,SEKER
12556,HOROZ
12557,SEKER
12558,HOROZ
12559,DERMASON
12560,DERMASON
12561,HOROZ
12562,SIRA
12563,SEKER
12564,SEKER
12565,SIRA
12566,DERMASON
12567,SIRA
12568,SEKER
12569,SIRA
12570,DERMASON
12571,HOROZ
12572,BARBUNYA
12573,SEKER
12574,HOROZ
12575,SEKER
12576,HOROZ
12577,DERMASON
12578,DERMASON
12579,HOROZ
12580,HOROZ
12581,CALI
12582,SIRA
12583,HOROZ
12584,SIRA
12585,SEKER
12586,BARBUNYA
12587,SEKER
12588,BARBUNYA
12589,HOROZ
12590,CALI
12591,SIRA
12592,DERMASON
12593,SEKER
12594,SEKER
12595,HOROZ
12596,DERMASON
12597,SEKER
12598,SIRA
12599,DERMASON
12600,DERMASON
12601,HOROZ
12602,DERMASON
12603,CALI
12604,CALI
12605,DERMASON
12606,SEKER
12607,SEKER
12608,DERMASON
12609,CALI
12610,SIRA
12611,HOROZ
12612,DERMASON
12613,DERMASON
12614,SIRA
12615,HOROZ
12616,DERMASON
12617,CALI
12618,BARBUNYA
12619,BARBUNYA
12620,SEKER
12621,DERMASON
12622,BOMBAY
12623,SEKER
12624,DERMASON
12625,SEKER
12626,CALI
12627,SEKER
12628,DERMASON
12629,SEKER
12630,SIRA
12631,DERMASON
12632,SIRA
12633,SIRA
12634,HOROZ
12635,DERMASON
12636,DERMASON
12637,CALI
12638,DERMASON
12639,CALI
12640,SEKER
12641,SIRA
12642,BOMBAY
12643,BARBUNYA
12644,BARBUNYA
12645,HOROZ
12646,HOROZ
12647,SEKER
12648,DERMASON
12649,SIRA
12650,DERMASON
12651,SIRA
12652,SIRA
12653,BARBUNYA
12654,SEKER
12655,DERMASON
12656,BOMBAY
12657,SEKER
12658,BARBUNYA
12659,DERMASON
12660,SEKER
12661,HOROZ
12662,DERMASON
12663,SEKER
12664,SIRA
12665,SIRA
12666,SEKER
12667,DERMASON
12668,DERMASON
12669,SIRA
12670,DERMASON
12671,CALI
12672,SIRA
12673,CALI
12674,CALI
12675,SEKER
12676,SEKER
12677,SEKER
12678,DERMASON
12679,CALI
12680,SEKER
12681,CALI
12682,HOROZ
12683,DERMASON
12684,SEKER
12685,DERMASON
12686,SIRA
12687,SIRA
12688,HOROZ
12689,DERMASON
12690,DERMASON
12691,SEKER
12692,DERMASON
12693,SEKER
12694,HOROZ
12695,CALI
12696,SEKER
12697,HOROZ
12698,SEKER
12699,SIRA
12700,SIRA
12701,SIRA
12702,BARBUNYA
12703,DERMASON
12704,DERMASON
12705,SIRA
12706,SEKER
12707,SIRA
12708,SIRA
12709,DERMASON
12710,SEKER
12711,SIRA
12712,SEKER
12713,SEKER
12714,BARBUNYA
12715,DERMASON
12716,BARBUNYA
12717,SIRA
12718,SEKER
12719,SIRA
12720,CALI
12721,BOMBAY
12722,HOROZ
12723,DERMASON
12724,SEKER
12725,DERMASON
12726,CALI
12727,BARBUNYA
12728,SEKER
12729,SIRA
12730,CALI
12731,CALI
12732,SIRA
12733,BOMBAY
12734,DERMASON
12735,DERMASON
12736,BOMBAY
12737,CALI
12738,BARBUNYA
12739,SIRA
12740,SIRA
12741,SEKER
12742,HOROZ
12743,SEKER
12744,DERMASON
12745,SIRA
12746,DERMASON
12747,DERMASON
12748,SIRA
12749,CALI
12750,BOMBAY
12751,HOROZ
12752,DERMASON
12753,SEKER
12754,BARBUNYA
12755,SIRA
12756,HOROZ
12757,SIRA
12758,HOROZ
12759,DERMASON
12760,BARBUNYA
12761,CALI
12762,DERMASON
12763,BARBUNYA
12764,DERMASON
12765,CALI
12766,HOROZ
12767,DERMASON
12768,DERMASON
12769,HOROZ
12770,HOROZ
12771,BOMBAY
12772,BARBUNYA
12773,BARBUNYA
12774,CALI
12775,CALI
12776,BARBUNYA
12777,SEKER
12778,SIRA
12779,SIRA
12780,DERMASON
12781,SIRA
12782,SIRA
12783,HOROZ
12784,SEKER
12785,DERMASON
12786,SIRA
12787,SEKER
12788,CALI
12789,SEKER
12790,SEKER
12791,CALI
12792,HOROZ
12793,CALI
12794,SEKER
12795,BOMBAY
12796,SIRA
12797,SIRA
12798,CALI
12799,SEKER
12800,CALI
12801,BARBUNYA
12802,SIRA
12803,HOROZ
12804,HOROZ
12805,DERMASON
12806,DERMASON
12807,DERMASON
12808,SIRA
12809,DERMASON
12810,CALI
12811,SIRA
12812,BARBUNYA
12813,DERMASON
12814,DERMASON
12815,SIRA
12816,CALI
12817,SIRA
12818,HOROZ
12819,SIRA
12820,SEKER
12821,SEKER
12822,DERMASON
12823,DERMASON
12824,DERMASON
12825,SIRA
12826,HOROZ
12827,CALI
12828,BOMBAY
12829,BARBUNYA
12830,CALI
12831,CALI
12832,HOROZ
12833,SEKER
12834,SIRA
12835,SEKER
12836,DERMASON
12837,SEKER
12838,SEKER
12839,DERMASON
12840,BOMBAY
12841,BARBUNYA
12842,BARBUNYA
12843,HOROZ
12844,SIRA
12845,DERMASON
12846,HOROZ
12847,SEKER
12848,DERMASON
12849,BARBUNYA
12850,DERMASON
12851,CALI
12852,BARBUNYA
12853,SIRA
12854,BARBUNYA
12855,SIRA
12856,SIRA
12857,SIRA
12858,SEKER
12859,CALI
12860,HOROZ
12861,DERMASON
12862,BOMBAY
12863,HOROZ
12864,SIRA
12865,CALI
12866,HOROZ
12867,BARBUNYA
12868,DERMASON
12869,SIRA
12870,HOROZ
12871,SIRA
12872,SIRA
12873,CALI
12874,SIRA
12875,CALI
12876,SIRA
12877,HOROZ
12878,CALI
12879,DERMASON
12880,SIRA
12881,BARBUNYA
12882,SIRA
12883,SIRA
12884,DERMASON
12885,HOROZ
12886,BARBUNYA
12887,BARBUNYA
12888,SIRA
12889,DERMASON
12890,SIRA
12891,SIRA
12892,HOROZ
12893,HOROZ
12894,BOMBAY
12895,SIRA
12896,SIRA
12897,DERMASON
12898,CALI
12899,CALI
12900,SEKER
12901,DERMASON
12902,HOROZ
12903,DERMASON
12904,SEKER
12905,HOROZ
12906,CALI
12907,DERMASON
12908,BARBUNYA
12909,SEKER
12910,HOROZ
12911,SEKER
12912,SEKER
12913,SIRA
12914,DERMASON
12915,HOROZ
12916,DERMASON
12917,SIRA
12918,CALI
12919,BARBUNYA
12920,CALI
12921,CALI
12922,DERMASON
12923,DERMASON
12924,BOMBAY
12925,SEKER
12926,HOROZ
12927,CALI
12928,SIRA
12929,HOROZ
12930,SEKER
12931,CALI
12932,SEKER
12933,SIRA
12934,DERMASON
12935,BOMBAY
12936,DERMASON
12937,SIRA
12938,SEKER
12939,DERMASON
12940,HOROZ
12941,SIRA
12942,SEKER
12943,DERMASON
12944,SEKER
12945,DERMASON
12946,DERMASON
12947,DERMASON
12948,DERMASON
12949,DERMASON
12950,DERMASON
12951,CALI
12952,SIRA
12953,SEKER
12954,BOMBAY
12955,SIRA
12956,CALI
12957,DERMASON
12958,CALI
12959,CALI
12960,SEKER
12961,CALI
12962,DERMASON
12963,DERMASON
12964,DERMASON
12965,BARBUNYA
12966,SEKER
12967,CALI
12968,SIRA
12969,CALI
12970,SEKER
12971,BARBUNYA
12972,CALI
12973,DERMASON
12974,SIRA
12975,DERMASON
12976,DERMASON
12977,SIRA
12978,BARBUNYA
12979,DERMASON
12980,DERMASON
12981,SEKER
12982,SIRA
12983,CALI
12984,HOROZ
12985,CALI
12986,DERMASON
12987,CALI
12988,BARBUNYA
12989,HOROZ
12990,DERMASON
12991,DERMASON
12992,DERMASON
12993,DERMASON
12994,SIRA
12995,CALI
12996,SIRA
12997,HOROZ
12998,SEKER
12999,DERMASON
13000,DERMASON
13001,SEKER
13002,SEKER
13003,HOROZ
13004,DERMASON
13005,SEKER
13006,DERMASON
13007,SIRA
13008,SIRA
13009,DERMASON
13010,SIRA
13011,HOROZ
13012,CALI
13013,SIRA
13014,DERMASON
13015,CALI
13016,DERMASON
13017,SIRA
13018,DERMASON
13019,BARBUNYA
13020,SIRA
13021,BARBUNYA
13022,DERMASON
13023,SIRA
13024,DERMASON
13025,SEKER
13026,SIRA
13027,DERMASON
13028,SEKER
13029,BOMBAY
13030,DERMASON
13031,HOROZ
13032,SIRA
13033,DERMASON
13034,CALI
13035,SIRA
13036,SIRA
13037,HOROZ
13038,DERMASON
13039,DERMASON
13040,DERMASON
13041,CALI
13042,CALI
13043,BOMBAY
13044,DERMASON
13045,CALI
13046,SIRA
13047,SIRA
13048,SIRA
13049,DERMASON
13050,CALI
13051,DERMASON
13052,SIRA
13053,CALI
13054,BARBUNYA
13055,SEKER
13056,DERMASON
13057,DERMASON
13058,DERMASON
13059,DERMASON
13060,SIRA
13061,HOROZ
13062,DERMASON
13063,BARBUNYA
13064,BARBUNYA
13065,SEKER
13066,BARBUNYA
13067,BARBUNYA
13068,BOMBAY
13069,HOROZ
13070,DERMASON
13071,SEKER
13072,CALI
13073,DERMASON
13074,SIRA
13075,SIRA
13076,DERMASON
13077,CALI
13078,HOROZ
13079,HOROZ
13080,SIRA
13081,DERMASON
13082,SEKER
13083,BOMBAY
13084,BOMBAY
13085,SEKER
13086,SIRA
13087,DERMASON
13088,DERMASON
13089,DERMASON
13090,SIRA
13091,BOMBAY
13092,HOROZ
13093,HOROZ
13094,DERMASON
13095,DERMASON
13096,SEKER
13097,SIRA
13098,SEKER
13099,BARBUNYA
13100,BARBUNYA
13101,SEKER
13102,HOROZ
13103,BARBUNYA
13104,DERMASON
13105,SEKER
13106,SEKER
13107,SIRA
13108,SEKER
13109,SIRA
13110,HOROZ
13111,DERMASON
13112,SIRA
13113,SEKER
13114,DERMASON
13115,CALI
13116,HOROZ
13117,DERMASON
13118,BARBUNYA
13119,CALI
13120,CALI
13121,SEKER
13122,SIRA
13123,SEKER
13124,SIRA
13125,CALI
13126,SEKER
13127,SIRA
13128,HOROZ
13129,BARBUNYA
13130,SEKER
13131,BOMBAY
13132,SIRA
13133,BARBUNYA
13134,SEKER
13135,CALI
13136,SIRA
13137,DERMASON
13138,SIRA
13139,BARBUNYA
13140,DERMASON
13141,SEKER
13142,SEKER
13143,DERMASON
13144,DERMASON
13145,SEKER
13146,SIRA
13147,DERMASON
13148,SIRA
13149,SEKER
13150,DERMASON
13151,DERMASON
13152,SIRA
13153,DERMASON
13154,DERMASON
13155,CALI
13156,CALI
13157,SEKER
13158,SIRA
13159,DERMASON
13160,SIRA
13161,SEKER
13162,SEKER
13163,SEKER
13164,DERMASON
13165,SIRA
13166,CALI
13167,DERMASON
13168,SIRA
13169,DERMASON
13170,CALI
13171,SIRA
13172,BOMBAY
13173,CALI
13174,SIRA
13175,DERMASON
13176,DERMASON
13177,BARBUNYA
13178,SIRA
13179,HOROZ
13180,DERMASON
13181,HOROZ
13182,DERMASON
13183,DERMASON
13184,SEKER
13185,CALI
13186,BARBUNYA
13187,SIRA
13188,CALI
13189,DERMASON
13190,HOROZ
13191,CALI
13192,DERMASON
13193,CALI
13194,DERMASON
13195,CALI
13196,BOMBAY
13197,BARBUNYA
13198,SEKER
13199,CALI
13200,DERMASON
13201,HOROZ
13202,DERMASON
13203,HOROZ
13204,CALI
13205,SEKER
13206,CALI
13207,SEKER
13208,SIRA
13209,BARBUNYA
13210,HOROZ
13211,SEKER
13212,DERMASON
13213,BARBUNYA
13214,SIRA
13215,BARBUNYA
13216,CALI
13217,SEKER
13218,DERMASON
13219,DERMASON
13220,HOROZ
13221,SIRA
13222,DERMASON
13223,HOROZ
13224,HOROZ
13225,DERMASON
13226,BARBUNYA
13227,HOROZ
13228,DERMASON
13229,DERMASON
13230,DERMASON
13231,DERMASON
13232,SEKER
13233,SEKER
13234,BOMBAY
13235,BARBUNYA
13236,SIRA
13237,DERMASON
13238,DERMASON
13239,SEKER
13240,BARBUNYA
13241,SIRA
13242,BARBUNYA
13243,SEKER
13244,HOROZ
13245,HOROZ
13246,BARBUNYA
13247,SIRA
13248,DERMASON
13249,BARBUNYA
13250,CALI
13251,HOROZ
13252,SEKER
13253,DERMASON
13254,SEKER
13255,SIRA
13256,HOROZ
13257,DERMASON
13258,SIRA
13259,BOMBAY
13260,DERMASON
13261,HOROZ
13262,HOROZ
13263,DERMASON
13264,DERMASON
13265,SIRA
13266,SIRA
13267,CALI
13268,BARBUNYA
13269,DERMASON
13270,SEKER
13271,CALI
13272,DERMASON
13273,DERMASON
13274,DERMASON
13275,DERMASON
13276,BOMBAY
13277,SEKER
13278,DERMASON
13279,DERMASON
13280,CALI
13281,BARBUNYA
13282,HOROZ
13283,CALI
13284,CALI
13285,CALI
13286,BOMBAY
13287,BOMBAY
13288,SIRA
13289,SEKER
13290,BARBUNYA
13291,HOROZ
13292,DERMASON
13293,DERMASON
13294,SEKER
13295,SIRA
13296,HOROZ
13297,DERMASON
13298,SIRA
13299,BARBUNYA
13300,CALI
13301,CALI
13302,BOMBAY
13303,BARBUNYA
13304,CALI
13305,SIRA
13306,SIRA
13307,SIRA
13308,DERMASON
13309,DERMASON
13310,SIRA
13311,DERMASON
13312,SIRA
13313,SEKER
13314,HOROZ
13315,SIRA
13316,SEKER
13317,SEKER
13318,CALI
13319,CALI
13320,SEKER
13321,DERMASON
13322,DERMASON
13323,CALI
13324,BARBUNYA
13325,DERMASON
13326,CALI
13327,CALI
13328,BARBUNYA
13329,SIRA
13330,BARBUNYA
13331,SIRA
13332,DERMASON
13333,HOROZ
13334,HOROZ
13335,SIRA
13336,SIRA
13337,HOROZ
13338,HOROZ
13339,HOROZ
13340,CALI
13341,CALI
13342,DERMASON
13343,SIRA
13344,DERMASON
13345,HOROZ
13346,BARBUNYA
13347,BARBUNYA
13348,DERMASON
13349,SIRA
13350,DERMASON
13351,CALI
13352,DERMASON
13353,HOROZ
13354,SEKER
13355,SIRA
13356,DERMASON
13357,BOMBAY
13358,SEKER
13359,CALI
13360,BARBUNYA
13361,SIRA
13362,CALI
13363,BARBUNYA
13364,HOROZ
13365,DERMASON
13366,DERMASON
13367,DERMASON
13368,DERMASON
13369,HOROZ
13370,DERMASON
13371,SIRA
13372,HOROZ
13373,DERMASON
13374,DERMASON
13375,SEKER
13376,DERMASON
13377,BOMBAY
13378,CALI
13379,DERMASON
13380,DERMASON
13381,SIRA
13382,BARBUNYA
13383,CALI
13384,CALI
13385,CALI
13386,BARBUNYA
13387,DERMASON
13388,SIRA
13389,SEKER
13390,CALI
13391,SIRA
13392,SEKER
13393,BARBUNYA
13394,HOROZ
13395,SEKER
13396,BOMBAY
13397,SIRA
13398,CALI
13399,BARBUNYA
13400,SIRA
13401,SIRA
13402,SEKER
13403,SIRA
13404,CALI
13405,BARBUNYA
13406,CALI
13407,HOROZ
13408,SIRA
13409,HOROZ
13410,DERMASON
13411,DERMASON
13412,BARBUNYA
13413,SEKER
13414,DERMASON
13415,SIRA
13416,SIRA
13417,DERMASON
13418,HOROZ
13419,SEKER
13420,BARBUNYA
13421,DERMASON
13422,DERMASON
13423,CALI
13424,DERMASON
13425,DERMASON
13426,HOROZ
13427,DERMASON
13428,DERMASON
13429,DERMASON
13430,SEKER
13431,SIRA
13432,BOMBAY
13433,SIRA
13434,SIRA
13435,BARBUNYA
13436,BARBUNYA
13437,DERMASON
13438,SIRA
13439,DERMASON
13440,SIRA
13441,SIRA
13442,CALI
13443,HOROZ
13444,BARBUNYA
13445,HOROZ
13446,BARBUNYA
13447,SEKER
13448,DERMASON
13449,BOMBAY
13450,DERMASON
13451,SIRA
13452,DERMASON
13453,CALI
13454,SIRA
13455,DERMASON
13456,DERMASON
13457,DERMASON
13458,SIRA
13459,CALI
13460,SEKER
13461,HOROZ
13462,SEKER
13463,DERMASON
13464,SEKER
13465,BARBUNYA
13466,SIRA
13467,CALI
13468,SEKER
13469,BARBUNYA
13470,SIRA
13471,CALI
13472,DERMASON
13473,DERMASON
13474,CALI
13475,SIRA
13476,SIRA
13477,SIRA
13478,SIRA
13479,BARBUNYA
13480,DERMASON
13481,CALI
13482,HOROZ
13483,SEKER
13484,BOMBAY
13485,DERMASON
13486,SIRA
13487,BARBUNYA
13488,SIRA
13489,BARBUNYA
13490,CALI
13491,CALI
13492,SIRA
13493,DERMASON
13494,DERMASON
13495,SIRA
13496,DERMASON
13497,CALI
13498,SEKER
13499,SIRA
13500,BARBUNYA
13501,DERMASON
13502,BARBUNYA
13503,CALI
13504,SIRA
13505,SEKER
13506,CALI
13507,BARBUNYA
13508,BOMBAY
13509,HOROZ
13510,SIRA
13511,BARBUNYA
13512,HOROZ
13513,BARBUNYA
13514,HOROZ
13515,SEKER
13516,SIRA
13517,DERMASON
13518,CALI
13519,DERMASON
13520,HOROZ
13521,SIRA
13522,CALI
13523,DERMASON
13524,SEKER
13525,SEKER
13526,BOMBAY
13527,SIRA
13528,SIRA
13529,CALI
13530,SEKER
13531,SEKER
13532,HOROZ
13533,SIRA
13534,SIRA
13535,CALI
13536,DERMASON
13537,SEKER
13538,CALI
13539,SEKER
13540,HOROZ
13541,DERMASON
13542,SIRA
